<?xml version="1.0" encoding="UTF-8"?>
<beans xmlns="http://www.springframework.org/schema/beans"
       xmlns:xsi="http://www.w3.org/2001/XMLSchema-instance" xmlns:mvc="http://www.springframework.org/schema/mvc"
       xsi:schemaLocation="http://www.springframework.org/schema/beans
            http://www.springframework.org/schema/beans/spring-beans-3.0.xsd
            http://www.springframework.org/schema/mvc
            http://www.springframework.org/schema/mvc/spring-mvc-4.2.xsd">

    <mvc:interceptors>
        <mvc:interceptor>
            <mvc:mapping path="/**"/>
            <mvc:exclude-mapping path="/login"/>
            <mvc:exclude-mapping path="/"/>
            <mvc:exclude-mapping path="/getPublicKey"/>
            <mvc:exclude-mapping path="/dologin"/>
            <mvc:exclude-mapping path="/assets/**"/>
            <mvc:exclude-mapping path="/css/**"/>
            <mvc:exclude-mapping path="/error/**"/>
            <mvc:exclude-mapping path="/fonts/**"/>
            <mvc:exclude-mapping path="/generic/**"/>
            <mvc:exclude-mapping path="/images/**"/>
            <mvc:exclude-mapping path="/js/**"/>
            <mvc:exclude-mapping path="/My97DatePicker/**"/>
            <bean class="com.desay.pangoo.filesystem.interceptor.AllIntercepter"></bean>
        </mvc:interceptor>
    </mvc:interceptors>

</beans>